First Last,First,Last,Company,Domain
Zachary Quinn,Zachary,Quinn,Love Your Melon Inc.,www.loveyourmelon.com
Luke Jacobson,Luke,Jacobson,Moment Skis,www.momentskis.com
Andrew Lissimore,Andrew,Lissimore,headphones.com,www.headphones.com
Karan Jhunjhunwala,Karan,Jhunjhunwala,LifeThreads,www.life-threads.com
David Sternlight,David,Sternlight,Cabeau,www.cabeau.com
Cassandra Morales,Cassandra,Morales,Kitsch,www.mykitsch.com
Danny Stein,Danny,Stein,"Cinema Secrets, Inc.",www.cinemasecrets.com
Olivia Walder Smith,Olivia,Smith,The Games Room Company,www.gamesroomcompany.com
Ian Douglas Macgregor,Ian,Macgregor,Skratch Labs,www.skratchlabs.com
May Lindstrom,May,Lindstrom,"May Lindstrom Skin, Llc",www.maylindstrom.com
Austin Campbell,Austin,Campbell,CloudLine Apparel,www.cloudlineapparel.com
Becca Royall Grider,Becca,Grider,Little Poppy Co,www.littlepoppyco.com
Allison Davidson Motoyama,Allison,Motoyama,Dona Bela Shreds,www.donabelashreds.com
Kyrra Chadine Richards,Kyrra,Richards,Myabetic,www.myabetic.com
Frank Fenimore,Frank,Fenimore,VMI Sports,www.vmisports.com
Joanna Lau,Joanna,Lau,Jemma,www.jemmabag.com
Afshan Abbas,Afshan,Abbas,Fuchsia Shoes Inc.,www.fuchsiashoes.com
Sean Schiloski,Sean,Schiloski,Loco Coffee,www.drinklococoffee.com
Danny Taing,Danny,Taing,Bokksu,www.bokksu.com
Eyal Goldshmid,,,"Fat Cat Gourmet Foods, Llc",www.fatcatfoods.com
